{
    "meta": {
        "description": "JSON Data for the AI Tools Directory",
        "last_updated": "2025-10-30",
        "author": "Gemini AI"
    },
    "categories": [
        "كتابة النصوص والمحتوى",
        "أدوات البحث والذكاء العام",
        "الترجمة واللغة",
        "التصميم والصور",
        "الفيديو والتحرير",
        "الصوت والموسيقى",
        "البرمجة والتطوير",
        "الأعمال والإنتاجية",
        "التعليم والتعلم",
        "تحليل البيانات",
        "التسويق والإعلانات",
        "الذكاء الاصطناعي العام"
    ],
    "tools": [
        {
            "id": "chatgpt_1",
            "name_ar": "ChatGPT",
            "description_ar": "نموذج متقدم من OpenAI للتحدث الذكي وكتابة الأكواد وتحليل النصوص.",
            "category": "كتابة النصوص والمحتوى",
            "pricing": "freemium",
            "rating": 4.9,
            "views": 15000,
            "featured": true,
            "trending": true,
            "total_ratings": 1200,
            "tags": ["محادثة", "كتابة", "ذكاء اصطناعي", "تحليل"],
            "link": "https://chat.openai.com",
            "icon": "fas fa-comments",
            "is_new": false
        },
        {
            "id": "claude_2",
            "name_ar": "Claude 3",
            "description_ar": "نموذج لغوي متطور من Anthropic يتميز بفهم عميق وسياق طويل.",
            "category": "أدوات البحث والذكاء العام",
            "pricing": "freemium",
            "rating": 4.8,
            "views": 10500,
            "featured": true,
            "trending": true,
            "total_ratings": 950,
            "tags": ["محادثة", "ذكاء عام", "تحليل", "نصوص"],
            "link": "https://claude.ai/",
            "icon": "fas fa-brain",
            "is_new": true
        },
        {
            "id": "google_gemini_3",
            "name_ar": "Google Gemini",
            "description_ar": "نموذج ذكاء اصطناعي شامل من Google للبحث والتحليل والتفاعل النصي.",
            "category": "أدوات البحث والذكاء العام",
            "pricing": "مجاني",
            "rating": 4.7,
            "views": 11000,
            "featured": true,
            "trending": true,
            "total_ratings": 800,
            "tags": ["بحث", "تحليل", "محادثة", "Google"],
            "link": "https://gemini.google.com",
            "icon": "fas fa-search",
            "is_new": false
        },
        {
            "id": "perplexity_4",
            "name_ar": "Perplexity AI",
            "description_ar": "محرك بحث ذكي يعتمد على الذكاء الاصطناعي للإجابة عن الأسئلة بالمصادر.",
            "category": "أدوات البحث والذكاء العام",
            "pricing": "مجاني",
            "rating": 4.6,
            "views": 9800,
            "featured": false,
            "trending": true,
            "total_ratings": 650,
            "tags": ["بحث", "إجابات", "تحليل", "معرفة"],
            "link": "https://www.perplexity.ai/",
            "icon": "fas fa-globe",
            "is_new": false
        },
        {
            "id": "jasper_5",
            "name_ar": "Jasper",
            "description_ar": "أداة قوية لإنشاء المقالات والمحتوى التسويقي باستخدام الذكاء الاصطناعي.",
            "category": "كتابة النصوص والمحتوى",
            "pricing": "مدفوع",
            "rating": 4.5,
            "views": 7500,
            "featured": true,
            "trending": false,
            "total_ratings": 500,
            "tags": ["كتابة", "تسويق", "محتوى", "نصوص"],
            "link": "https://www.jasper.ai/",
            "icon": "fas fa-feather-alt",
            "is_new": false
        },
        {
            "id": "copyai_6",
            "name_ar": "Copy.ai",
            "description_ar": "مولد نصوص تسويقية ومحتوى إعلاني مدعوم بالذكاء الاصطناعي.",
            "category": "كتابة النصوص والمحتوى",
            "pricing": "freemium",
            "rating": 4.4,
            "views": 6800,
            "featured": false,
            "trending": false,
            "total_ratings": 450,
            "tags": ["تسويق", "نصوص", "كتابة", "محتوى"],
            "link": "https://www.copy.ai/",
            "icon": "fas fa-bullhorn",
            "is_new": false
        },
        {
            "id": "grammarly_7",
            "name_ar": "Grammarly",
            "description_ar": "أداة ذكية لتصحيح الأخطاء اللغوية وتحسين الأسلوب الكتابي.",
            "category": "الترجمة واللغة",
            "pricing": "freemium",
            "rating": 4.7,
            "views": 13000,
            "featured": false,
            "trending": true,
            "total_ratings": 1100,
            "tags": ["لغة", "تصحيح", "كتابة", "نحوي"],
            "link": "https://www.grammarly.com/",
            "icon": "fas fa-language",
            "is_new": false
        },
        {
            "id": "quillbot_8",
            "name_ar": "QuillBot",
            "description_ar": "أداة لإعادة صياغة النصوص وتحسينها بطريقة ذكية وسلسة.",
            "category": "كتابة النصوص والمحتوى",
            "pricing": "freemium",
            "rating": 4.3,
            "views": 8000,
            "featured": false,
            "trending": false,
            "total_ratings": 550,
            "tags": ["إعادة صياغة", "كتابة", "تحسين", "لغة"],
            "link": "https://quillbot.com/",
            "icon": "fas fa-retweet",
            "is_new": false
        },
        {
            "id": "midjourney_9",
            "name_ar": "Midjourney",
            "description_ar": "أداة لتوليد الصور الإبداعية من وصف نصي بدقة فنية عالية.",
            "category": "التصميم والصور",
            "pricing": "مدفوع",
            "rating": 4.9,
            "views": 14000,
            "featured": true,
            "trending": true,
            "total_ratings": 1300,
            "tags": ["توليد صور", "فن", "تصميم", "خيال"],
            "link": "https://www.midjourney.com/",
            "icon": "fas fa-palette",
            "is_new": false
        },
        {
            "id": "leonardo_10",
            "name_ar": "Leonardo AI",
            "description_ar": "منصة لإنشاء تصاميم وصور واقعية احترافية من النصوص.",
            "category": "التصميم والصور",
            "pricing": "freemium",
            "rating": 4.6,
            "views": 9000,
            "featured": false,
            "trending": true,
            "total_ratings": 700,
            "tags": ["تصميم", "صور", "توليد", "خيال"],
            "link": "https://leonardo.ai/",
            "icon": "fas fa-image",
            "is_new": false
        },
        {
            "id": "runwayml_11",
            "name_ar": "Runway ML",
            "description_ar": "أداة متكاملة لتحرير الفيديوهات وتوليد مشاهد باستخدام الذكاء الاصطناعي.",
            "category": "الفيديو والتحرير",
            "pricing": "مدفوع",
            "rating": 4.7,
            "views": 8500,
            "featured": true,
            "trending": true,
            "total_ratings": 600,
            "tags": ["فيديو", "تحرير", "توليد", "سينما"],
            "link": "https://runwayml.com/",
            "icon": "fas fa-video",
            "is_new": false
        },
        {
            "id": "lumaai_12",
            "name_ar": "Luma AI",
            "description_ar": "منصة لإنشاء مقاطع فيديو واقعية قصيرة من وصف نصي أو صور.",
            "category": "الفيديو والتحرير",
            "pricing": "مدفوع",
            "rating": 4.5,
            "views": 6500,
            "featured": false,
            "trending": false,
            "total_ratings": 400,
            "tags": ["فيديو", "توليد", "واقعي", "مؤثرات"],
            "link": "https://lumalabs.ai/",
            "icon": "fas fa-film",
            "is_new": true
        },
        {
            "id": "synthesia_13",
            "name_ar": "Synthesia",
            "description_ar": "أداة لإنشاء فيديوهات بمتحدثين افتراضيين واقعيين من نصوص مكتوبة.",
            "category": "الفيديو والتحرير",
            "pricing": "مدفوع",
            "rating": 4.6,
            "views": 5800,
            "featured": false,
            "trending": false,
            "total_ratings": 350,
            "tags": ["فيديو", "أفاتار", "صوت", "توليد"],
            "link": "https://www.synthesia.io/",
            "icon": "fas fa-person-booth",
            "is_new": false
        },
        {
            "id": "elevenlabs_14",
            "name_ar": "ElevenLabs",
            "description_ar": "منصة لتحويل النص إلى صوت واقعي بتقنيات متقدمة.",
            "category": "الصوت والموسيقى",
            "pricing": "freemium",
            "rating": 4.9,
            "views": 12500,
            "featured": true,
            "trending": true,
            "total_ratings": 1000,
            "tags": ["صوت", "توليد", "نطق", "تحويل"],
            "link": "https://elevenlabs.io/",
            "icon": "fas fa-microphone-alt",
            "is_new": false
        },
        {
            "id": "playht_15",
            "name_ar": "Play.ht",
            "description_ar": "أداة لتحويل النصوص إلى صوت بشري طبيعي بعدة لغات ولهجات.",
            "category": "الصوت والموسيقى",
            "pricing": "freemium",
            "rating": 4.4,
            "views": 7200,
            "featured": false,
            "trending": false,
            "total_ratings": 420,
            "tags": ["صوت", "تحويل", "نطق", "لغات"],
            "link": "https://play.ht/",
            "icon": "fas fa-assistive-listening-systems",
            "is_new": false
        },
        {
            "id": "github_copilot_16",
            "name_ar": "GitHub Copilot",
            "description_ar": "مساعد برمجي ذكي يقترح الأكواد تلقائيًا داخل بيئة التطوير.",
            "category": "البرمجة والتطوير",
            "pricing": "مدفوع",
            "rating": 4.8,
            "views": 10000,
            "featured": true,
            "trending": true,
            "total_ratings": 750,
            "tags": ["برمجة", "أكواد", "تطوير", "مساعد"],
            "link": "https://github.com/features/copilot",
            "icon": "fas fa-code",
            "is_new": false
        },
        {
            "id": "replit_ghostwriter_17",
            "name_ar": "Replit Ghostwriter",
            "description_ar": "أداة ذكاء اصطناعي لاقتراح وتحسين الأكواد مباشرة أثناء البرمجة.",
            "category": "البرمجة والتطوير",
            "pricing": "freemium",
            "rating": 4.3,
            "views": 6000,
            "featured": false,
            "trending": false,
            "total_ratings": 380,
            "tags": ["كود", "ذكاء اصطناعي", "تطوير", "مساعد"],
            "link": "https://replit.com/",
            "icon": "fas fa-laptop-code",
            "is_new": false
        },
        {
            "id": "notion_ai_18",
            "name_ar": "Notion AI",
            "description_ar": "مساعد مدمج داخل Notion لكتابة وتنظيم الأفكار والمهام بذكاء.",
            "category": "الأعمال والإنتاجية",
            "pricing": "freemium",
            "rating": 4.5,
            "views": 9500,
            "featured": false,
            "trending": true,
            "total_ratings": 620,
            "tags": ["تنظيم", "كتابة", "إنتاجية", "إدارة"],
            "link": "https://www.notion.so/product/ai",
            "icon": "fas fa-tasks",
            "is_new": false
        },
        {
            "id": "chatdoc_19",
            "name_ar": "ChatDOC",
            "description_ar": "أداة لتحليل وقراءة ملفات PDF والإجابة على الأسئلة منها مباشرة.",
            "category": "التعليم والتعلم",
            "pricing": "freemium",
            "rating": 4.2,
            "views": 5200,
            "featured": false,
            "trending": false,
            "total_ratings": 300,
            "tags": ["تحليل", "PDF", "تعلم", "وثائق"],
            "link": "https://chatdoc.com/",
            "icon": "fas fa-file-pdf",
            "is_new": true
        },
        {
            "id": "kaggle_ai_20",
            "name_ar": "Kaggle AI",
            "description_ar": "منصة للتعلم الآلي وتحليل البيانات ومشاركة النماذج والمشاريع.",
            "category": "تحليل البيانات",
            "pricing": "مجاني",
            "rating": 4.7,
            "views": 7800,
            "featured": false,
            "trending": false,
            "total_ratings": 550,
            "tags": ["بيانات", "تعلم آلي", "تحليل", "إحصاء"],
            "link": "https://www.kaggle.com/",
            "icon": "fas fa-chart-bar",
            "is_new": false
        },
        
        {
            "id": "pikalabs_21",
            "name_ar": "Pika Labs",
            "description_ar": "أداة متقدمة لتحويل النصوص إلى فيديوهات احترافية باستخدام الذكاء الاصطناعي.",
            "category": "الفيديو والتحرير",
            "pricing": "freemium",
            "rating": 4.8,
            "views": 8000,
            "featured": true,
            "trending": true,
            "total_ratings": 550,
            "tags": ["فيديو", "توليد", "نصوص", "إبداع"],
            "link": "https://pika.art/",
            "icon": "fas fa-magic",
            "is_new": true
        },
        {
            "id": "descript_22",
            "name_ar": "Descript",
            "description_ar": "منصة لتحرير الفيديو والصوت بسهولة عبر تحويل الكلام إلى نص قابل للتعديل.",
            "category": "الفيديو والتحرير",
            "pricing": "freemium",
            "rating": 4.5,
            "views": 6200,
            "featured": false,
            "trending": false,
            "total_ratings": 400,
            "tags": ["تحرير", "فيديو", "صوت", "نص"],
            "link": "https://www.descript.com/",
            "icon": "fas fa-edit",
            "is_new": false
        },
        {
            "id": "d-id_23",
            "name_ar": "D-ID",
            "description_ar": "أداة لتوليد فيديوهات بوجوه متحركة من صور ونصوص.",
            "category": "الفيديو والتحرير",
            "pricing": "مدفوع",
            "rating": 4.4,
            "views": 5500,
            "featured": false,
            "trending": false,
            "total_ratings": 320,
            "tags": ["فيديو", "أفاتار", "صور", "توليد"],
            "link": "https://www.d-id.com/",
            "icon": "fas fa-user-circle",
            "is_new": false
        },
        {
            "id": "capcut_24",
            "name_ar": "CapCut AI",
            "description_ar": "محرر فيديو مدعوم بالذكاء الاصطناعي لتعديل المقاطع بسرعة وسهولة.",
            "category": "الفيديو والتحرير",
            "pricing": "مجاني",
            "rating": 4.6,
            "views": 9500,
            "featured": false,
            "trending": true,
            "total_ratings": 600,
            "tags": ["فيديو", "تحرير", "مونتاج", "مؤثرات"],
            "link": "https://www.capcut.com/",
            "icon": "fas fa-cut",
            "is_new": false
        },
        {
            "id": "murfai_25",
            "name_ar": "Murf AI",
            "description_ar": "أداة لتحويل النص إلى صوت احترافي لاستخدامه في العروض أو الفيديوهات.",
            "category": "الصوت والموسيقى",
            "pricing": "freemium",
            "rating": 4.7,
            "views": 7800,
            "featured": false,
            "trending": true,
            "total_ratings": 480,
            "tags": ["صوت", "تحويل", "نطق", "واقعي"],
            "link": "https://murf.ai/",
            "icon": "fas fa-volume-up",
            "is_new": false
        },
        {
            "id": "soundraw_26",
            "name_ar": "Soundraw",
            "description_ar": "منصة لتوليد موسيقى أصلية مخصصة لمقاطع الفيديو والمشاريع.",
            "category": "الصوت والموسيقى",
            "pricing": "مدفوع",
            "rating": 4.3,
            "views": 4500,
            "featured": false,
            "trending": false,
            "total_ratings": 250,
            "tags": ["موسيقى", "توليد", "صوت", "مؤثرات"],
            "link": "https://soundraw.io/",
            "icon": "fas fa-headphones",
            "is_new": false
        },
        {
            "id": "beatoven_27",
            "name_ar": "Beatoven",
            "description_ar": "أداة تولد موسيقى فريدة حسب نوع الفيديو والمزاج المطلوب.",
            "category": "الصوت والموسيقى",
            "pricing": "freemium",
            "rating": 4.2,
            "views": 4000,
            "featured": false,
            "trending": false,
            "total_ratings": 200,
            "tags": ["موسيقى", "توليد", "صوت", "مونتاج"],
            "link": "https://www.beatoven.ai/",
            "icon": "fas fa-compact-disc",
            "is_new": false
        },
        {
            "id": "deepl_28",
            "name_ar": "DeepL",
            "description_ar": "مترجم دقيق وسلس يعتمد على الذكاء الاصطناعي لترجمة النصوص باحترافية.",
            "category": "الترجمة واللغة",
            "pricing": "freemium",
            "rating": 4.9,
            "views": 11000,
            "featured": true,
            "trending": true,
            "total_ratings": 850,
            "tags": ["ترجمة", "لغة", "نصوص", "دقة"],
            "link": "https://www.deepl.com/",
            "icon": "fas fa-language",
            "is_new": false
        },
        {
            "id": "google_translate_29",
            "name_ar": "Google Translate",
            "description_ar": "خدمة ترجمة متعددة اللغات تعتمد على الذكاء الاصطناعي من Google.",
            "category": "الترجمة واللغة",
            "pricing": "مجاني",
            "rating": 4.4,
            "views": 16000,
            "featured": false,
            "trending": true,
            "total_ratings": 1400,
            "tags": ["ترجمة", "لغة", "نصوص", "Google"],
            "link": "https://translate.google.com/",
            "icon": "fas fa-comment-dots",
            "is_new": false
        },
        {
            "id": "lingvanex_30",
            "name_ar": "LingvaNex",
            "description_ar": "منصة ترجمة فورية صوتية ونصية بعدة لغات.",
            "category": "الترجمة واللغة",
            "pricing": "freemium",
            "rating": 4.0,
            "views": 3000,
            "featured": false,
            "trending": false,
            "total_ratings": 180,
            "tags": ["ترجمة", "صوت", "لغة", "نص"],
            "link": "https://lingvanex.com/",
            "icon": "fas fa-assistive-listening-systems",
            "is_new": false
        },
        {
            "id": "canvaai_31",
            "name_ar": "Canva AI",
            "description_ar": "أداة تصميم شاملة تستخدم الذكاء الاصطناعي لتوليد تصاميم احترافية.",
            "category": "التصميم والصور",
            "pricing": "freemium",
            "rating": 4.7,
            "views": 12000,
            "featured": true,
            "trending": true,
            "total_ratings": 900,
            "tags": ["تصميم", "صور", "محتوى", "جرافيك"],
            "link": "https://www.canva.com/ai/",
            "icon": "fas fa-drafting-compass",
            "is_new": false
        },
        {
            "id": "adobe_firefly_32",
            "name_ar": "Adobe Firefly",
            "description_ar": "أداة من Adobe لتوليد الصور والنصوص الإبداعية بالذكاء الاصطناعي.",
            "category": "التصميم والصور",
            "pricing": "freemium",
            "rating": 4.8,
            "views": 10500,
            "featured": true,
            "trending": true,
            "total_ratings": 750,
            "tags": ["صور", "توليد", "تصميم", "Adobe"],
            "link": "https://www.adobe.com/products/firefly.html",
            "icon": "fas fa-fire",
            "is_new": false
        },
        {
            "id": "removebg_33",
            "name_ar": "Remove.bg",
            "description_ar": "أداة لإزالة خلفية الصور تلقائيًا باستخدام الذكاء الاصطناعي.",
            "category": "التصميم والصور",
            "pricing": "freemium",
            "rating": 4.6,
            "views": 8800,
            "featured": false,
            "trending": true,
            "total_ratings": 620,
            "tags": ["صور", "تحرير", "خلفية", "تصميم"],
            "link": "https://www.remove.bg/",
            "icon": "fas fa-eraser",
            "is_new": false
        },
        {
            "id": "upscalemedia_34",
            "name_ar": "Upscale.media",
            "description_ar": "منصة لتحسين جودة الصور وتكبيرها دون فقدان التفاصيل.",
            "category": "التصميم والصور",
            "pricing": "freemium",
            "rating": 4.4,
            "views": 7000,
            "featured": false,
            "trending": false,
            "total_ratings": 450,
            "tags": ["صور", "تحسين", "جودة", "وضوح"],
            "link": "https://www.upscale.media/",
            "icon": "fas fa-expand",
            "is_new": false
        },
        {
            "id": "durable_35",
            "name_ar": "Durable",
            "description_ar": "أداة لتصميم مواقع إلكترونية كاملة من وصف نصي فقط.",
            "category": "البرمجة والتطوير",
            "pricing": "freemium",
            "rating": 4.3,
            "views": 5000,
            "featured": false,
            "trending": false,
            "total_ratings": 300,
            "tags": ["مواقع", "تصميم", "توليد", "ويب"],
            "link": "https://durable.co/",
            "icon": "fas fa-drafting-compass",
            "is_new": true
        },
        {
            "id": "builderio_36",
            "name_ar": "Builder.io",
            "description_ar": "منصة لإنشاء صفحات ويب احترافية بدون كتابة كود.",
            "category": "البرمجة والتطوير",
            "pricing": "مدفوع",
            "rating": 4.2,
            "views": 4200,
            "featured": false,
            "trending": false,
            "total_ratings": 280,
            "tags": ["ويب", "تصميم", "تطوير", "صفحات"],
            "link": "https://www.builder.io/",
            "icon": "fas fa-code-branch",
            "is_new": false
        },
        {
            "id": "rephraseai_37",
            "name_ar": "Rephrase.ai",
            "description_ar": "أداة لإنشاء فيديوهات مخصصة بمتحدثين واقعيين من نصوص مكتوبة.",
            "category": "الفيديو والتحرير",
            "pricing": "مدفوع",
            "rating": 4.1,
            "views": 3800,
            "featured": false,
            "trending": false,
            "total_ratings": 250,
            "tags": ["فيديو", "توليد", "صوت", "أفاتار"],
            "link": "https://www.rephrase.ai/",
            "icon": "fas fa-user-edit",
            "is_new": false
        },
        {
            "id": "splineai_38",
            "name_ar": "Spline AI",
            "description_ar": "أداة ثلاثية الأبعاد لتصميم عناصر ورسومات ثلاثية الأبعاد بالذكاء الاصطناعي.",
            "category": "التصميم والصور",
            "pricing": "freemium",
            "rating": 4.5,
            "views": 6300,
            "featured": false,
            "trending": false,
            "total_ratings": 410,
            "tags": ["تصميم", "ثلاثي الأبعاد", "صور", "نماذج"],
            "link": "https://spline.design/",
            "icon": "fas fa-cube",
            "is_new": true
        },
        {
            "id": "tome_39",
            "name_ar": "Tome",
            "description_ar": "أداة لإنشاء عروض تقديمية جذابة بالذكاء الاصطناعي من نصوص بسيطة.",
            "category": "الأعمال والإنتاجية",
            "pricing": "freemium",
            "rating": 4.4,
            "views": 5900,
            "featured": false,
            "trending": false,
            "total_ratings": 350,
            "tags": ["عروض", "تقديم", "محتوى", "عرض شرائح"],
            "link": "https://tome.app/",
            "icon": "fas fa-file-powerpoint",
            "is_new": true
        },
        {
            "id": "slidesai_40",
            "name_ar": "SlidesAI",
            "description_ar": "منصة لتحويل النصوص إلى عروض تقديمية احترافية تلقائيًا.",
            "category": "الأعمال والإنتاجية",
            "pricing": "freemium",
            "rating": 4.3,
            "views": 5400,
            "featured": false,
            "trending": false,
            "total_ratings": 320,
            "tags": ["عروض", "كتابة", "تقديم", "عمل"],
            "link": "https://www.slidesai.io/",
            "icon": "fas fa-folder-open",
            "is_new": false
        },
        
        {
            "id": "caktusai_41",
            "name_ar": "Caktus AI",
            "description_ar": "أداة تعليمية تساعد الطلاب على كتابة المقالات والواجبات الجامعية بسرعة.",
            "category": "التعليم والتعلم",
            "pricing": "freemium",
            "rating": 4.0,
            "views": 5000,
            "featured": false,
            "trending": false,
            "total_ratings": 280,
            "tags": ["تعليم", "كتابة", "طلاب", "محتوى"],
            "link": "https://www.caktus.ai/",
            "icon": "fas fa-graduation-cap",
            "is_new": true
        },
        {
            "id": "tutorai_42",
            "name_ar": "TutorAI",
            "description_ar": "منصة تعليمية تستخدم الذكاء الاصطناعي لشرح المفاهيم الدراسية بشكل مبسط.",
            "category": "التعليم والتعلم",
            "pricing": "مجاني",
            "rating": 4.1,
            "views": 5500,
            "featured": false,
            "trending": false,
            "total_ratings": 300,
            "tags": ["تعلم", "شرح", "دراسة", "طلاب"],
            "link": "https://tutorai.me/",
            "icon": "fas fa-chalkboard-teacher",
            "is_new": true
        },
        {
            "id": "wolframalpha_43",
            "name_ar": "Wolfram Alpha",
            "description_ar": "محرك معرفة لحل المسائل الرياضية والعلمية باستخدام الذكاء الاصطناعي.",
            "category": "التعليم والتعلم",
            "pricing": "freemium",
            "rating": 4.7,
            "views": 9000,
            "featured": true,
            "trending": true,
            "total_ratings": 700,
            "tags": ["رياضيات", "تحليل", "علم", "بيانات"],
            "link": "https://www.wolframalpha.com/",
            "icon": "fas fa-calculator",
            "is_new": false
        },
        {
            "id": "phind_44",
            "name_ar": "Phind",
            "description_ar": "محرك بحث ذكي للمبرمجين يقدّم إجابات مع أمثلة من الأكواد.",
            "category": "البرمجة والتطوير",
            "pricing": "مجاني",
            "rating": 4.5,
            "views": 7500,
            "featured": false,
            "trending": true,
            "total_ratings": 500,
            "tags": ["برمجة", "بحث", "أكواد", "تطوير"],
            "link": "https://www.phind.com/",
            "icon": "fas fa-search-plus",
            "is_new": false
        },
        {
            "id": "tabnine_45",
            "name_ar": "Tabnine",
            "description_ar": "مساعد برمجي يقترح أكواد ذكية في الوقت الفعلي أثناء الكتابة.",
            "category": "البرمجة والتطوير",
            "pricing": "freemium",
            "rating": 4.4,
            "views": 6800,
            "featured": false,
            "trending": false,
            "total_ratings": 450,
            "tags": ["كود", "تطوير", "ذكاء اصطناعي", "محرر"],
            "link": "https://www.tabnine.com/",
            "icon": "fas fa-terminal",
            "is_new": false
        },
        {
            "id": "blackboxai_46",
            "name_ar": "Blackbox AI",
            "description_ar": "أداة للبحث ونسخ الأكواد البرمجية من ملايين المشاريع المفتوحة.",
            "category": "البرمجة والتطوير",
            "pricing": "freemium",
            "rating": 4.3,
            "views": 6200,
            "featured": false,
            "trending": false,
            "total_ratings": 400,
            "tags": ["أكواد", "برمجة", "تطوير", "بحث"],
            "link": "https://www.useblackbox.io/",
            "icon": "fas fa-file-code",
            "is_new": true
        },
        {
            "id": "codeium_47",
            "name_ar": "Codeium",
            "description_ar": "مساعد مجاني للمبرمجين لتوليد واقتراح الأكواد بشكل ذكي.",
            "category": "البرمجة والتطوير",
            "pricing": "مجاني",
            "rating": 4.6,
            "views": 8000,
            "featured": false,
            "trending": true,
            "total_ratings": 550,
            "tags": ["كود", "ذكاء اصطناعي", "تطوير", "مساعد"],
            "link": "https://www.codeium.com/",
            "icon": "fas fa-magic",
            "is_new": false
        },
        {
            "id": "datarobot_48",
            "name_ar": "DataRobot",
            "description_ar": "منصة احترافية لتطوير نماذج الذكاء الاصطناعي وتحليل البيانات بسهولة.",
            "category": "تحليل البيانات",
            "pricing": "مدفوع",
            "rating": 4.7,
            "views": 7000,
            "featured": true,
            "trending": false,
            "total_ratings": 480,
            "tags": ["تحليل", "بيانات", "تعلم آلي", "ذكاء اصطناعي"],
            "link": "https://www.datarobot.com/",
            "icon": "fas fa-database",
            "is_new": false
        },
        {
            "id": "monkeylearn_49",
            "name_ar": "MonkeyLearn",
            "description_ar": "أداة لتحليل النصوص وتصنيف البيانات باستخدام التعلم الآلي.",
            "category": "تحليل البيانات",
            "pricing": "freemium",
            "rating": 4.3,
            "views": 5500,
            "featured": false,
            "trending": false,
            "total_ratings": 350,
            "tags": ["تحليل", "نصوص", "بيانات", "تعلم"],
            "link": "https://monkeylearn.com/",
            "icon": "fas fa-tag",
            "is_new": false
        },
        {
            "id": "chatbase_50",
            "name_ar": "Chatbase",
            "description_ar": "أداة لإنشاء روبوتات محادثة ذكية مخصصة لصفحات الويب من ملفاتك.",
            "category": "الذكاء الاصطناعي العام",
            "pricing": "freemium",
            "rating": 4.5,
            "views": 6000,
            "featured": false,
            "trending": true,
            "total_ratings": 400,
            "tags": ["بوت", "دردشة", "موقع", "تفاعل"],
            "link": "https://www.chatbase.co/",
            "icon": "fas fa-robot",
            "is_new": false
        },
        {
            "id": "tidioai_51",
            "name_ar": "Tidio AI",
            "description_ar": "أداة لخدمة العملاء عبر روبوتات محادثة ذكية للمواقع والمتاجر.",
            "category": "الأعمال والإنتاجية",
            "pricing": "freemium",
            "rating": 4.4,
            "views": 5800,
            "featured": false,
            "trending": false,
            "total_ratings": 350,
            "tags": ["دردشة", "عملاء", "دعم", "تفاعل"],
            "link": "https://www.tidio.com/",
            "icon": "fas fa-headset",
            "is_new": false
        },
        {
            "id": "crispchat_52",
            "name_ar": "Crisp Chat",
            "description_ar": "منصة تواصل ذكية تجمع بين خدمة العملاء والمساعدات الآلية.",
            "category": "الأعمال والإنتاجية",
            "pricing": "freemium",
            "rating": 4.3,
            "views": 5200,
            "featured": false,
            "trending": false,
            "total_ratings": 320,
            "tags": ["تواصل", "دعم", "محادثة", "عملاء"],
            "link": "https://crisp.chat/",
            "icon": "fas fa-comments",
            "is_new": false
        },
        {
            "id": "surferseo_53",
            "name_ar": "Surfer SEO",
            "description_ar": "أداة لتحسين محركات البحث وكتابة محتوى متوافق مع SEO.",
            "category": "التسويق والإعلانات",
            "pricing": "مدفوع",
            "rating": 4.8,
            "views": 8500,
            "featured": true,
            "trending": true,
            "total_ratings": 600,
            "tags": ["تسويق", "كتابة", "تحسين", "SEO"],
            "link": "https://surferseo.com/",
            "icon": "fas fa-chart-line",
            "is_new": false
        },
        {
            "id": "writesonic_54",
            "name_ar": "Writesonic",
            "description_ar": "أداة قوية لتوليد المقالات والمحتوى التسويقي باحترافية.",
            "category": "كتابة النصوص والمحتوى",
            "pricing": "freemium",
            "rating": 4.6,
            "views": 7200,
            "featured": false,
            "trending": true,
            "total_ratings": 450,
            "tags": ["كتابة", "تسويق", "مقالات", "محتوى"],
            "link": "https://writesonic.com/",
            "icon": "fas fa-pen-nib",
            "is_new": false
        },
        {
            "id": "copysmith_55",
            "name_ar": "Copysmith",
            "description_ar": "منصة لتوليد نصوص تسويقية وإعلانية عالية الجودة.",
            "category": "التسويق والإعلانات",
            "pricing": "مدفوع",
            "rating": 4.5,
            "views": 6500,
            "featured": false,
            "trending": false,
            "total_ratings": 400,
            "tags": ["محتوى", "إعلان", "تسويق", "نصوص"],
            "link": "https://copysmith.ai/",
            "icon": "fas fa-ad",
            "is_new": false
        },
        {
            "id": "pictory_56",
            "name_ar": "Pictory",
            "description_ar": "أداة لتحويل المقالات إلى فيديوهات تلقائيًا بذكاء اصطناعي.",
            "category": "الفيديو والتحرير",
            "pricing": "مدفوع",
            "rating": 4.3,
            "views": 5100,
            "featured": false,
            "trending": false,
            "total_ratings": 300,
            "tags": ["فيديو", "توليد", "محتوى", "مونتاج"],
            "link": "https://pictory.ai/",
            "icon": "fas fa-file-video",
            "is_new": true
        },
        {
            "id": "flexclip_57",
            "name_ar": "FlexClip",
            "description_ar": "أداة لإنشاء مقاطع فيديو قصيرة وتحريرها بسهولة عبر المتصفح.",
            "category": "الفيديو والتحرير",
            "pricing": "freemium",
            "rating": 4.2,
            "views": 4800,
            "featured": false,
            "trending": false,
            "total_ratings": 280,
            "tags": ["فيديو", "تحرير", "تصميم", "مؤثرات"],
            "link": "https://www.flexclip.com/",
            "icon": "fas fa-cut",
            "is_new": false
        },
        {
            "id": "revoicer_58",
            "name_ar": "Revoicer",
            "description_ar": "أداة لتحويل النصوص إلى أصوات بشرية حقيقية متعددة اللهجات.",
            "category": "الصوت والموسيقى",
            "pricing": "مدفوع",
            "rating": 4.0,
            "views": 3500,
            "featured": false,
            "trending": false,
            "total_ratings": 200,
            "tags": ["صوت", "نطق", "توليد", "واقعي"],
            "link": "https://revoicer.com/",
            "icon": "fas fa-volume-up",
            "is_new": false
        },
        {
            "id": "krispai_59",
            "name_ar": "Krisp AI",
            "description_ar": "أداة لإزالة الضوضاء من الصوت أثناء المكالمات والاجتماعات.",
            "category": "الصوت والموسيقى",
            "pricing": "freemium",
            "rating": 4.6,
            "views": 7800,
            "featured": false,
            "trending": true,
            "total_ratings": 450,
            "tags": ["صوت", "مكالمات", "ضوضاء", "جودة"],
            "link": "https://krisp.ai/",
            "icon": "fas fa-headset",
            "is_new": false
        },
        {
            "id": "motion_60",
            "name_ar": "Motion",
            "description_ar": "مساعد ذكي لتنظيم الوقت وجدولة المهام بشكل تلقائي.",
            "category": "الأعمال والإنتاجية",
            "pricing": "مدفوع",
            "rating": 4.5,
            "views": 6000,
            "featured": false,
            "trending": false,
            "total_ratings": 380,
            "tags": ["مهام", "تنظيم", "وقت", "إدارة"],
            "link": "https://www.usemotion.com/",
            "icon": "fas fa-clock",
            "is_new": true
        }
    ]
}
